post id,time stamp,permalink,title,media
nghvge,05/19/2021,/r/memes/comments/nghvge/be_original_original_wednesday_frog_memes_are_not/,"Be Original. Original Wednesday frog memes are not banned, The two exact copies of these are just reposts. Reposts have always been against the rules. Edits of these are allowed.",https://i.redd.it/4qy2tdptb5071.jpg
nwjp85,06/10/2021,/r/memes/comments/nwjp85/where_would_u_wanna_be_the_luck_heheoc/,Where would u wanna be the Luck hehe...(Oc),https://i.redd.it/a0knmpuaue471.jpg
nwj9bn,06/10/2021,/r/memes/comments/nwj9bn/robots_are_stupid/,Robots are stupid,https://v.redd.it/0ef6nvdpoe471
nwk6pq,06/10/2021,/r/memes/comments/nwk6pq/lex_luthor_was_ejected/,Lex Luthor was ejected.,https://i.redd.it/0v84dba50f471.jpg
nwjm0x,06/10/2021,/r/memes/comments/nwjm0x/and_please_no_ketchup_on_pizza/,"And please, no ketchup on pizza",https://i.redd.it/84qjhnj7te471.jpg
nwhnwy,06/10/2021,/r/memes/comments/nwhnwy/took_me_way_too_long_to_make_the_connection/,Took me way too long to make the connection,https://i.redd.it/o1qsksbg4e471.jpg
nwiz0u,06/10/2021,/r/memes/comments/nwiz0u/such_thing_cant_stop_her/,such thing can't stop her,https://v.redd.it/klpkjcf5le471
nwkbz1,06/10/2021,/r/memes/comments/nwkbz1/so_true/,So True .,https://i.redd.it/4fvwofhx1f471.jpg
nwipm5,06/10/2021,/r/memes/comments/nwipm5/stop_doing_this_nobody_likes_this_nobody/,Stop doing this. Nobody likes this. Nobody.,https://i.redd.it/uwddmsishe471.jpg
nwjs11,06/10/2021,/r/memes/comments/nwjs11/but_where_did_you_save_it/,but where did you save it?,https://i.redd.it/3eu56ca8ve471.gif
nwkijm,06/10/2021,/r/memes/comments/nwkijm/it_do_be_like_that/,It do be like that,https://i.redd.it/kj50sv1z3f471.jpg
nwjwye,06/10/2021,/r/memes/comments/nwjwye/very_tiny_indeed/,very tiny indeed,https://i.redd.it/t185cjeewe471.jpg
nwhxhj,06/10/2021,/r/memes/comments/nwhxhj/bonk_bonk/,Bonk Bonk,https://i.redd.it/fgq9v3fr7e471.jpg
nwl3ks,06/10/2021,/r/memes/comments/nwl3ks/wise_man_once_said/,Wise man once said,https://i.redd.it/846jjqe3af471.jpg
nwibzo,06/10/2021,/r/memes/comments/nwibzo/the_fruit_or_the_colour/,The fruit or the colour.,https://i.imgur.com/h7XvSs0.jpg
nwio6u,06/10/2021,/r/memes/comments/nwio6u/1_2_3_4_5_6_7/,"1, 2, 3, 4, 5, 6, 7",https://i.redd.it/vvjtpwx4he471.gif
nwj8fw,06/10/2021,/r/memes/comments/nwj8fw/but_honestly_it_was_cool_af/,But honestly it was cool af,https://i.redd.it/50ty2xrhoe471.gif
nwi3s3,06/10/2021,/r/memes/comments/nwi3s3/it_sure_is_a_good_wednesday_is_it_not/,"It sure is a good Wednesday, is it not?",https://i.redd.it/7wys4n5z9e471.jpg
nwju3q,06/10/2021,/r/memes/comments/nwju3q/professional_advices_are_welcome/,Professional advices are welcome.,https://i.redd.it/ergu7l90we471.jpg
nwfbav,06/10/2021,/r/memes/comments/nwfbav/i_cant_unsee_it_now/,I canâ€™t unsee it now!,https://i.redd.it/393zsbqacd471.jpg
nwh7ru,06/10/2021,/r/memes/comments/nwh7ru/oogway_uwu/,Oogway uwu,https://i.redd.it/ftdkzi6wyd471.jpg
nwjk3r,06/10/2021,/r/memes/comments/nwjk3r/fucking_useless/,Fucking useless.,https://i.redd.it/tm9a9h3kse471.jpg
nwi1wf,06/10/2021,/r/memes/comments/nwi1wf/searching/,Searchingâ€¦,https://i.redd.it/5k76ct5b9e471.jpg
nwixfc,06/10/2021,/r/memes/comments/nwixfc/lets_hope/,Letâ€™s hope,https://i.redd.it/0zau1jefke471.gif
nwh0g3,06/10/2021,/r/memes/comments/nwh0g3/blackkked/,BlacKKKed,https://i.redd.it/shg9lu78wd471.jpg
nwhw50,06/10/2021,/r/memes/comments/nwhw50/you_did_it/,You did it.,https://i.redd.it/evbsqlk37e471.png
nwh110,06/10/2021,/r/memes/comments/nwh110/hâ‚‘â‚‘o_everyone/,Hâ‚‘â‚‘â‚—o everyone,https://i.redd.it/2eq760qawd471.gif
nwgmwx,06/10/2021,/r/memes/comments/nwgmwx/omw_to_put_you_hornys_in_jail_bonk/,OMW to put you hornys in jail *bonk*,https://i.redd.it/pagqd8sprd471.jpg
nwgau6,06/10/2021,/r/memes/comments/nwgau6/bing_be_bold/,Bing: BE BOLD,https://i.redd.it/aj8a2dwond471.gif
nwgzjf,06/10/2021,/r/memes/comments/nwgzjf/time_to_change_profession/,Time to change profession,https://i.redd.it/ezt8kg4xvd471.jpg
nwg4m5,06/10/2021,/r/memes/comments/nwg4m5/those_birds_will_thank_us_later/,Those birds will thank us later.,https://i.redd.it/slpiu6snld471.jpg
nwgr6m,06/10/2021,/r/memes/comments/nwgr6m/do_a_lot_of_people_not_know_if_they_are_robots/,Do a lot of people not know if they are robots?,https://i.redd.it/gdv17z1yrd471.png
nwjkim,06/10/2021,/r/memes/comments/nwjkim/mispronouncing/,Mispronouncing,https://i.redd.it/pf3kkuogse471.png
nwfxde,06/10/2021,/r/memes/comments/nwfxde/does_he_have_a_shield_with_him/,Does he have a shield with him?,https://i.redd.it/ix0s5ce7jd471.jpg
nwk400,06/10/2021,/r/memes/comments/nwk400/absolute_legends_for_recreating_it/,Absolute legends for recreating it,https://i.redd.it/icmvkr39ze471.jpg
nwicrm,06/10/2021,/r/memes/comments/nwicrm/when_i_was_told_her_birthday_was_on_the_same_day/,When I was told her birthday was on the same day as me I knew I had to get her,https://i.redd.it/gckca2c4de471.png
nwhths,06/10/2021,/r/memes/comments/nwhths/finally_inner_peace/,"Finally, inner peace",https://i.redd.it/mqivskwd6e471.jpg
nwgajl,06/10/2021,/r/memes/comments/nwgajl/all_natural_dude/,All natural dude,https://i.redd.it/j4vgqnpmnd471.jpg
nwhbr2,06/10/2021,/r/memes/comments/nwhbr2/help_pls_i_need_to_learn_boxing_j/,Help pls. I need to learn boxing. /j,https://i.redd.it/lan6va180e471.jpg
nwin58,06/10/2021,/r/memes/comments/nwin58/oh_my_savior/,Oh my savior,https://i.redd.it/zkcb1g1uge471.jpg
nwhpdy,06/10/2021,/r/memes/comments/nwhpdy/things_were_hard/,Things were hard,https://i.redd.it/xe599sns4e471.gif
nwkein,06/10/2021,/r/memes/comments/nwkein/good_luck/,Good luck.....,https://i.redd.it/fb0wkyas2f471.jpg
nwgqm6,06/10/2021,/r/memes/comments/nwgqm6/growing_up_sucks/,growing up sucks,https://v.redd.it/gm6x42jgsd471
nwfs27,06/10/2021,/r/memes/comments/nwfs27/hello_darkness_my_old_friend/,Hello darkness my old friend,https://i.redd.it/xdgf3rnuhd471.jpg
nwh61a,06/10/2021,/r/memes/comments/nwh61a/insurance_goes_bruuhh/,Insurance goes bruuhh,https://i.redd.it/ny9mf8m7yd471.jpg
nwh8mz,06/10/2021,/r/memes/comments/nwh8mz/relatable_right/,***relatable*** right?,https://i.redd.it/vwlj9398zd471.jpg
nwga9v,06/10/2021,/r/memes/comments/nwga9v/churry_bird/,Churry bird,https://i.redd.it/p6qfzxcgnd471.jpg
nwccti,06/09/2021,/r/memes/comments/nwccti/no_mad_im_quite_amazed_actually/,"No mad, Iâ€™m quite amazed, actually.",https://i.redd.it/rm2xzvfuic471.jpg
nwfowb,06/10/2021,/r/memes/comments/nwfowb/medics_be_like/,Medics be like,https://i.redd.it/zmln1ivwgd471.jpg
nwc1r1,06/09/2021,/r/memes/comments/nwc1r1/its_kinda_uncanny/,Itâ€™s kinda uncanny,https://i.redd.it/wa9pcwlxfc471.jpg
nwdrnl,06/09/2021,/r/memes/comments/nwdrnl/who_let_the_dogs_out/,Who let the dogs out!?,https://i.redd.it/zxr155z5wc471.gif
nwfp0k,06/10/2021,/r/memes/comments/nwfp0k/this_is_outrageous_its_unfair/,This is outrageous. Itâ€™s unfair.,https://i.redd.it/fjtolb0ygd471.jpg
nwgegp,06/10/2021,/r/memes/comments/nwgegp/are_you_talking_to_me/,Are you talking to me?,https://v.redd.it/3vc40rq2pd471
nwfhj0,06/10/2021,/r/memes/comments/nwfhj0/damnit_whyd_they_have_to_do_my_boy_like_that/,"damnit, whyâ€™d they have to do my boy like that",https://i.redd.it/cda3ca5aed471.jpg
nwhp2g,06/10/2021,/r/memes/comments/nwhp2g/angry_humans/,Angry humans,https://i.redd.it/8tdfmzwd4e471.gif
nwf7a7,06/10/2021,/r/memes/comments/nwf7a7/its_nice_to_be_there_for_your_friends/,It's nice to be there for your friends :>,https://i.redd.it/v2weexz3bd471.png
nwf5yu,06/10/2021,/r/memes/comments/nwf5yu/poor_dog/,Poor dog,https://i.redd.it/rw8bdmdqad471.jpg
nwhfws,06/10/2021,/r/memes/comments/nwhfws/the_power_of_a_god/,The power of a god,https://i.redd.it/z1zc349n1e471.jpg
nwezfk,06/10/2021,/r/memes/comments/nwezfk/just_in_time/,Just in time,https://i.redd.it/7spf7qum8d471.gif
nwecp9,06/09/2021,/r/memes/comments/nwecp9/you_are_all_going_down/,You are all going down,https://v.redd.it/1pvfqyx82d471
nwep0d,06/10/2021,/r/memes/comments/nwep0d/ultimate_power_move/,Ultimate power move,https://i.redd.it/duqa4c9n5d471.jpg
nwhv38,06/10/2021,/r/memes/comments/nwhv38/fixing_level_100/,Fixing level 100,https://i.redd.it/zlrfl7ay6e471.jpg
nweia2,06/10/2021,/r/memes/comments/nweia2/it_do_be_like_that_though/,It do be like that though,https://i.redd.it/4k73gsxs3d471.jpg
nwgr32,06/10/2021,/r/memes/comments/nwgr32/worst_part_is_that_were_both_stem_students/,Worst part is that we're both STEM students,https://i.redd.it/a520in54td471.jpg
nwh3rm,06/10/2021,/r/memes/comments/nwh3rm/microonde/,Microonde,https://i.redd.it/cbmjejwdxd471.jpg
nwh68m,06/10/2021,/r/memes/comments/nwh68m/a_new_template/,A new template?,https://i.redd.it/lmalo9mayd471.jpg
nwfvk5,06/10/2021,/r/memes/comments/nwfvk5/hold_up/,Hold up,https://i.redd.it/qgz5yqtvid471.jpg
nwi5vb,06/10/2021,/r/memes/comments/nwi5vb/that_state_of_disappointment/,that state of disappointment,https://i.redd.it/1wluv93fae471.jpg
nwki1v,06/10/2021,/r/memes/comments/nwki1v/what_a_dense_character/,What a dense character!,https://i.redd.it/fs75btdt3f471.png
nwgv7v,06/10/2021,/r/memes/comments/nwgv7v/guys_i_got_7452/,Guys I got 7452 ðŸ¥²,https://i.redd.it/vjc0oe9fud471.gif
nwe9gj,06/09/2021,/r/memes/comments/nwe9gj/thats_not_how_it_works/,That's not how it works,https://i.redd.it/qx722cuc1d471.jpg
nwesrm,06/10/2021,/r/memes/comments/nwesrm/it_aint_much/,It ainâ€™t much,https://i.redd.it/c3tb9iht6d471.jpg
nwkwwd,06/10/2021,/r/memes/comments/nwkwwd/excuse_me_thats_racist_homophobic_transphobic_and/,"""excuse me that's racist, homophobic, transphobic and sexist""",https://i.redd.it/abqwninr7f471.png
nwfhl6,06/10/2021,/r/memes/comments/nwfhl6/they_are_both_good_its_just_preference/,"They are both good, it's just preference.",https://i.redd.it/dl0kgjp7ed471.png
nwgviq,06/10/2021,/r/memes/comments/nwgviq/casual_thoughts_at_3_am/,Casual thoughts at 3 am,https://i.redd.it/rixz7pdjud471.jpg
nwe9f6,06/09/2021,/r/memes/comments/nwe9f6/cant_unhear_it/,Can't unhear it,https://i.redd.it/6z7yfds00d471.png
nwevb3,06/10/2021,/r/memes/comments/nwevb3/the_new_standard_in/,The new standard in ðŸ¦„.,https://i.redd.it/ilyru06j7d471.jpg
nwj185,06/10/2021,/r/memes/comments/nwj185/oh_wow/,Oh wow!,https://i.redd.it/094m8uxule471.png
nwja2b,06/10/2021,/r/memes/comments/nwja2b/sid_strong/,Sid strong,https://v.redd.it/h1fbfzy0pe471
nwjvlf,06/10/2021,/r/memes/comments/nwjvlf/youre_not_alone/,you're not alone,https://i.redd.it/k7t2nhdhwe471.jpg
nwc0vl,06/09/2021,/r/memes/comments/nwc0vl/stay_off_her/,Stay off her!,https://i.redd.it/ffmsdhhpfc471.jpg
nwkl80,06/10/2021,/r/memes/comments/nwkl80/randomly_found_this_in_dubai_lol/,Randomly found this in Dubai lol,https://v.redd.it/wrd2azfk4f471
nwgvxh,06/10/2021,/r/memes/comments/nwgvxh/looks_sick_to_be_honest/,Looks sick to be honest,https://i.redd.it/quakb73oud471.jpg
nwafrh,06/09/2021,/r/memes/comments/nwafrh/here_comes_the_train_of_pain/,Here comes the train of pain,https://v.redd.it/hmz5psby0c471
nwjmco,06/10/2021,/r/memes/comments/nwjmco/thats_the_spirit/,Thatâ€™s The Spirit,https://i.redd.it/zxfqffibte471.jpg
nwgmtg,06/10/2021,/r/memes/comments/nwgmtg/the_rat_could_have_warned_me_smh/,The rat could have warned me smh,https://i.redd.it/9icx9ioord471.jpg
nwelr2,06/10/2021,/r/memes/comments/nwelr2/pls_send_bob/,Pls send bob,https://i.redd.it/2maqo87s4d471.jpg
nwcyq1,06/09/2021,/r/memes/comments/nwcyq1/guess_whos_back/,Guess who's back,https://i.redd.it/6ztv7vfhoc471.png
nweo52,06/10/2021,/r/memes/comments/nweo52/the_internets_own_boy/,The internet's own boy,https://i.redd.it/789qkttf5d471.png
nwbqqx,06/09/2021,/r/memes/comments/nwbqqx/i_mean_why_should_i_answer_calls_from_strangers/,I mean... Why should I answer calls from strangers?,https://i.redd.it/xd0qwbf0dc471.gif
nwc10w,06/09/2021,/r/memes/comments/nwc10w/poor_choice_of_words/,Poor choice of words,https://i.redd.it/a5wgffzpfc471.png
nw72hz,06/09/2021,/r/memes/comments/nw72hz/yes_yes_yes_yes_thank_you/,Yes Yes Yes Yes THANK YOU,https://i.redd.it/d2h8egcg7b471.gif
nwlnyc,06/10/2021,/r/memes/comments/nwlnyc/understandable/,Understandable,https://i.redd.it/scv2zqpoff471.jpg
nwd5dz,06/09/2021,/r/memes/comments/nwd5dz/pretty_much/,Pretty much,https://i.redd.it/tcepinm8qc471.jpg
nwdypw,06/09/2021,/r/memes/comments/nwdypw/ah_yes_americans_you_will_use_literally_anything/,"Ah yes Americans, you will use literally anything but the metric system.",https://i.redd.it/q195xdc9yc471.jpg
nwbdhi,06/09/2021,/r/memes/comments/nwbdhi/reject_nintendo_embrace_valve/,"Reject nintendo, embrace valve",https://i.redd.it/48i4sh5i9c471.jpg
nwhx5o,06/10/2021,/r/memes/comments/nwhx5o/from_the_dad_vaults_part_seventy/,From the Dad vaults part seventy,https://i.redd.it/ds7vnzhn7e471.jpg
nwc4ow,06/09/2021,/r/memes/comments/nwc4ow/just_why_humanity/,Just why humanity,https://i.redd.it/v9a41z5ogc471.jpg
nwhv7n,06/10/2021,/r/memes/comments/nwhv7n/sooolar_flaaare/,SOOOLAR FLAAARE!!,https://i.redd.it/ttvc6wfz6e471.gif
nwkdaf,06/10/2021,/r/memes/comments/nwkdaf/touche_or_toupee/,Touche or Toupee???,https://i.redd.it/xsnzt1x82f471.jpg
